<?xml version="1.0" encoding="UTF-8"?>
<project-private xmlns="http://www.netbeans.org/ns/project-private/1">
    <editor-bookmarks xmlns="http://www.netbeans.org/ns/editor-bookmarks/2" lastBookmarkId="0"/>
    <open-files xmlns="http://www.netbeans.org/ns/projectui-open-files/2">
        <group>
            <file>file:/C:/Users/lauca/OneDrive/Documents/programacion/JavaFX/Cine/src/ar/edu/utn/fra/prog2/modelo/Cliente.java</file>
            <file>file:/C:/Users/lauca/OneDrive/Documents/programacion/JavaFX/Cine/src/ar/edu/utn/fra/prog2/modelo/Butaca.java</file>
            <file>file:/C:/Users/lauca/OneDrive/Documents/programacion/JavaFX/Cine/src/ar/edu/utn/fra/prog2/modelo/Sala.java</file>
            <file>file:/C:/Users/lauca/OneDrive/Documents/programacion/JavaFX/Cine/src/ar/edu/utn/fra/prog2/modelo/Entrada.java</file>
            <file>file:/C:/Users/lauca/OneDrive/Documents/programacion/JavaFX/Cine/src/ar/edu/utn/fra/prog2/persistencia/PersistenciaDatos.java</file>
            <file>file:/C:/Users/lauca/OneDrive/Documents/programacion/JavaFX/Cine/src/ar/edu/utn/fra/prog2/modelo/Cine.java</file>
            <file>file:/C:/Users/lauca/OneDrive/Documents/programacion/JavaFX/Cine/src/ar/edu/unt/fra/prog2/app/MainApp.java</file>
            <file>file:/C:/Users/lauca/OneDrive/Documents/programacion/JavaFX/Cine/src/ar/edu/utn/fra/prog2/controlador/LoginController.java</file>
            <file>file:/C:/Users/lauca/OneDrive/Documents/programacion/JavaFX/Cine/src/ar/edu/utn/fra/prog2/controlador/SalaController.java</file>
            <file>file:/C:/Users/lauca/OneDrive/Documents/programacion/JavaFX/Cine/src/ar/edu/utn/fra/prog2/controlador/CompraController.java</file>
            <file>file:/C:/Users/lauca/OneDrive/Documents/programacion/JavaFX/Cine/src/ar/edu/utn/fra/prog2/vista/LoginView.java</file>
        </group>
    </open-files>
</project-private>
